Metodo,Costo_Total,Num_Pedidos,Demanda_Total
Silver-Meal,3600.0,12.0,2417381.582091581
EOQ Clásico,1204337.5561921785,2007.2292603202975,2417381.582091581
