Componente,Estacion,Demanda_Estacion,EOQ,Num_Pedidos,Tiempo_Entre_Pedidos_Semanas,Tiempo_Entre_Pedidos_Dias,ROP,CTE,Costo_Unitario,Stock_Seguridad,sigma_mensual,CT_Optimo
Carrocería Artesanal de Época,PICO,92.0,6.957010852370434,34.785054261852174,0.24895749579143786,1.742702470540065,141.23411082426043,110702.10879086448,15000,34.998545004399,14.0,1385706.4737776674
Motor de Alto Rendimiento V8,PICO,172.0,12.24744871391589,36.742346141747674,0.2356953463611369,1.6498674245279583,169.51528166018605,96674.2824497761,9000,50.346690436167584,26.0,1554050.2396646745
Motor de Cilindros de Línea Raro,PICO,92.0,7.7781745930520225,31.112698372208094,0.27834294204888643,1.9484005943422051,165.82166414137188,97117.58968956537,12000,38.338985157538154,14.0,1109104.0253114738
Carrocería Estándar (Fibra),PICO,172.0,14.41153384245784,31.224989991991993,0.2773419623904109,1.9413937367328764,120.55362808483645,58581.985801486066,6500,41.10790060215748,26.0,1123141.7150186813
Tapicería de Cuero Premium,PICO,264.0,22.781571499789035,30.37542866638538,0.28509885720834255,1.9956920004583978,333.3189084708721,76546.46626096392,4000,89.43900084962496,40.0,1060995.265581264
