Componente,Estacion,Demanda_Estacion,EOQ,Num_Pedidos,Tiempo_Entre_Pedidos_Semanas,Tiempo_Entre_Pedidos_Dias,ROP,CTE,Costo_Unitario,CT_Optimo
Carrocería Artesanal de Época,NORMAL,150.0,5.477225575051661,27.386127875258307,1.5810924493315794,11.067647145321056,34.64203233256352,15062.370331392067,15000,2265062.370331392
Motor de Alto Rendimiento V8,NORMAL,278.0,9.626352718795768,28.879058156387302,1.4993563767045206,10.495494636931644,38.52193995381063,15883.481986013017,9000,2517883.4819860132
Motor de Cilindros de Línea Raro,NORMAL,150.0,6.123724356957945,24.49489742783178,1.7677150977085268,12.374005683959687,41.570438799076214,13472.19358530748,12000,1813472.1935853076
Carrocería Estándar (Fibra),NORMAL,278.0,11.327298544123057,24.54248017893329,1.7642878667644903,12.350015067351432,25.681293302540418,13498.364098413309,6500,1820498.3640984134
Tapicería de Cuero Premium,NORMAL,428.0,17.916472867168917,23.888630489558558,1.8125777456738645,12.688044219717051,79.07621247113164,13138.746769257206,4000,1725138.7467692571
