Componente,Estacion,Demanda_Estacion,EOQ,Num_Pedidos,Tiempo_Entre_Pedidos_Semanas,Tiempo_Entre_Pedidos_Dias,ROP,CTE,Costo_Unitario,Stock_Seguridad,CT_Optimo
Carrocería Artesanal de Época,PICO,92.0,6.957010852370434,34.785054261852174,0.24895749579143786,1.742702470540065,139.71043026453734,106131.06711169521,15000,33.47486444467591,1385706.4737776674
Motor de Alto Rendimiento V8,PICO,172.0,12.24744871391589,36.742346141747674,0.2356953463611369,1.6498674245279583,167.69169633091346,93391.82885708546,9000,48.52310510689501,1554050.2396646745
Motor de Cilindros de Línea Raro,PICO,92.0,7.7781745930520225,31.112698372208094,0.27834294204888643,1.9484005943422051,164.152555715387,93111.72946720169,12000,36.66987673155329,1109104.0253114738
Carrocería Estándar (Fibra),PICO,172.0,14.41153384245784,31.224989991991993,0.2773419623904109,1.9413937367328764,119.06467689845543,56646.34925919074,6500,39.618949415776456,1123141.7150186813
Tapicería de Cuero Premium,PICO,264.0,22.781571499789035,30.37542866638538,0.28509885720834255,1.9956920004583978,329.8430587012165,73765.78644523944,4000,85.96315107996936,1060995.265581264
