Componente,Estacion,Demanda_Estacion,EOQ,Num_Pedidos,Tiempo_Entre_Pedidos_Semanas,Tiempo_Entre_Pedidos_Dias,ROP,CTE,Costo_Unitario,CT_Optimo
Carrocería Artesanal de Época,PICO,92.0,4.2895221179054435,21.447610589527216,0.4037745819680559,2.826422073776391,106.23556581986143,7506.663706334525,15000,1387506.6637063345
Motor de Alto Rendimiento V8,PICO,172.0,7.571877794400365,22.715633383201094,0.3812352424389951,2.6686466970729654,119.16859122401846,7950.471684120383,9000,1555950.4716841204
Motor de Cilindros de Línea Raro,PICO,92.0,4.795831523312719,19.18332609325088,0.45143370643356684,3.1600359450349678,127.48267898383372,6714.164132637808,12000,1110714.164132638
Carrocería Estándar (Fibra),PICO,172.0,8.909804452658621,19.304576314093676,0.44859829395362594,3.1401880576753816,79.44572748267898,6756.601709932787,6500,1124756.6017099328
Tapicería de Cuero Premium,PICO,264.0,14.071247279470288,18.76166303929372,0.4615795509098966,3.231056856369276,243.8799076212471,6566.582063752801,4000,1062566.5820637527
