Componente,Estacion,Demanda_Estacion,EOQ,Num_Pedidos,Tiempo_Entre_Pedidos_Semanas,Tiempo_Entre_Pedidos_Dias,ROP,CTE,Costo_Unitario,Stock_Seguridad,CT_Optimo
Carrocería Artesanal de Época,NORMAL,150.0,6.957010852370434,34.785054261852174,1.244787478957189,8.713512352700324,68.11689677723942,115589.15211347154,15000,33.47486444467591,2265164.5587794436
Motor de Alto Rendimiento V8,NORMAL,278.0,12.24744871391589,36.742346141747674,1.1784767318056844,8.24933712263979,87.04504506070563,103336.75721278517,9000,48.52310510689501,2517995.168020374
Motor de Cilindros de Línea Raro,NORMAL,150.0,7.7781745930520225,31.112698372208094,1.391714710244432,9.742002971711024,78.2403155306295,101571.29786757893,12000,36.66987673155329,1813563.5937118512
Carrocería Estándar (Fibra),NORMAL,278.0,14.41153384245784,31.224989991991993,1.3867098119520544,9.706968683664382,65.30024271831687,65097.91321702323,6500,39.618949415776456,1820593.2789765138
Tapicería de Cuero Premium,NORMAL,428.0,22.781571499789035,30.37542866638538,1.4254942860417126,9.978460002291989,165.03936355110102,82000.51248254276,4000,85.96315107996936,1725229.9916185674
